{
  "version": "baseline-20260513141258",
  "dataset": "data/processed/moodflow_emotions.csv",
  "train_size": 92628,
  "test_size": 23157,
  "labels": [
    "happy",
    "calm",
    "expecting",
    "anxious",
    "sad",
    "irritable",
    "plain",
    "tired"
  ],
  "accuracy": 0.5180722891566265,
  "macro_f1": 0.5642711561315376,
  "weighted_f1": 0.5402788812704103,
  "label_counts": {
    "plain": 49057,
    "happy": 19111,
    "irritable": 12520,
    "anxious": 11020,
    "calm": 9457,
    "sad": 7589,
    "expecting": 6988,
    "tired": 43
  },
  "classification_report": {
    "happy": {
      "precision": 0.6915389740173218,
      "recall": 0.543171114599686,
      "f1-score": 0.608440797186401,
      "support": 3822.0
    },
    "calm": {
      "precision": 0.19240506329113924,
      "recall": 0.4420941300898995,
      "f1-score": 0.268120590121873,
      "support": 1891.0
    },
    "expecting": {
      "precision": 0.3201900237529691,
      "recall": 0.4821173104434907,
      "f1-score": 0.38481301741364543,
      "support": 1398.0
    },
    "anxious": {
      "precision": 0.3230823612583952,
      "recall": 0.4147005444646098,
      "f1-score": 0.36320286111663025,
      "support": 2204.0
    },
    "sad": {
      "precision": 0.4904606793857608,
      "recall": 0.69433465085639,
      "f1-score": 0.5748568311971639,
      "support": 1518.0
    },
    "irritable": {
      "precision": 0.7430389817024662,
      "recall": 0.7460063897763578,
      "f1-score": 0.7445197289756875,
      "support": 2504.0
    },
    "plain": {
      "precision": 0.7359767891682786,
      "recall": 0.4653959840994802,
      "f1-score": 0.5702154230408991,
      "support": 9811.0
    },
    "tired": {
      "precision": 1.0,
      "recall": 1.0,
      "f1-score": 1.0,
      "support": 9.0
    },
    "accuracy": 0.5180722891566265,
    "macro avg": {
      "precision": 0.5620866090720413,
      "recall": 0.5984775155412393,
      "f1-score": 0.5642711561315376,
      "support": 23157.0
    },
    "weighted avg": {
      "precision": 0.6046273831160531,
      "recall": 0.5180722891566265,
      "f1-score": 0.5402788812704103,
      "support": 23157.0
    }
  },
  "confusion_matrix": [
    [
      2076,
      522,
      179,
      159,
      313,
      136,
      437,
      0
    ],
    [
      106,
      836,
      162,
      223,
      19,
      16,
      529,
      0
    ],
    [
      58,
      174,
      674,
      159,
      73,
      103,
      157,
      0
    ],
    [
      54,
      407,
      210,
      914,
      134,
      79,
      406,
      0
    ],
    [
      102,
      13,
      59,
      76,
      1054,
      167,
      47,
      0
    ],
    [
      72,
      31,
      129,
      64,
      278,
      1868,
      62,
      0
    ],
    [
      534,
      2362,
      692,
      1234,
      278,
      145,
      4566,
      0
    ],
    [
      0,
      0,
      0,
      0,
      0,
      0,
      0,
      9
    ]
  ]
}