{
  "version": "baseline-20260516180659",
  "dataset": "data\\processed\\clean_v4\\moodflow_emotions_cleaned_v1_train.csv + data\\processed\\clean_v4\\moodflow_emotions_cleaned_v1_test.csv",
  "train_size": 89110,
  "test_size": 15725,
  "labels": [
    "happy",
    "calm",
    "expecting",
    "anxious",
    "sad",
    "irritable",
    "plain",
    "tired"
  ],
  "accuracy": 0.5356438791732909,
  "macro_f1": 0.5703070812798349,
  "weighted_f1": 0.5572046146529,
  "label_counts": {
    "plain": 43602,
    "happy": 17659,
    "irritable": 12460,
    "anxious": 9834,
    "calm": 7766,
    "sad": 7541,
    "expecting": 5930,
    "tired": 43
  },
  "classification_report": {
    "happy": {
      "precision": 0.7099669343410486,
      "recall": 0.5673839184597962,
      "f1-score": 0.6307175828787243,
      "support": 2649.0
    },
    "calm": {
      "precision": 0.18474511307014183,
      "recall": 0.41373390557939915,
      "f1-score": 0.255431902490726,
      "support": 1165.0
    },
    "expecting": {
      "precision": 0.3248546511627907,
      "recall": 0.5022471910112359,
      "f1-score": 0.39452780229479256,
      "support": 890.0
    },
    "anxious": {
      "precision": 0.35981062598632296,
      "recall": 0.46372881355932205,
      "f1-score": 0.4052132701421801,
      "support": 1475.0
    },
    "sad": {
      "precision": 0.4961038961038961,
      "recall": 0.6755083996463307,
      "f1-score": 0.572070385623362,
      "support": 1131.0
    },
    "irritable": {
      "precision": 0.7053617907339927,
      "recall": 0.7249866238630284,
      "f1-score": 0.7150395778364116,
      "support": 1869.0
    },
    "plain": {
      "precision": 0.7477668077103902,
      "recall": 0.48646582046184433,
      "f1-score": 0.5894561289724821,
      "support": 6539.0
    },
    "tired": {
      "precision": 1.0,
      "recall": 1.0,
      "f1-score": 1.0,
      "support": 7.0
    },
    "accuracy": 0.5356438791732909,
    "macro avg": {
      "precision": 0.5660762273885729,
      "recall": 0.6042568340726195,
      "f1-score": 0.5703070812798349,
      "support": 15725.0
    },
    "weighted avg": {
      "precision": 0.6163328221083907,
      "recall": 0.5356438791732909,
      "f1-score": 0.5572046146529,
      "support": 15725.0
    }
  },
  "confusion_matrix": [
    [
      1503,
      281,
      151,
      121,
      203,
      95,
      295,
      0
    ],
    [
      57,
      482,
      99,
      147,
      16,
      25,
      339,
      0
    ],
    [
      41,
      102,
      447,
      86,
      51,
      72,
      91,
      0
    ],
    [
      35,
      234,
      133,
      684,
      89,
      55,
      245,
      0
    ],
    [
      83,
      7,
      44,
      50,
      764,
      145,
      38,
      0
    ],
    [
      57,
      18,
      95,
      63,
      216,
      1355,
      65,
      0
    ],
    [
      341,
      1485,
      407,
      750,
      201,
      174,
      3181,
      0
    ],
    [
      0,
      0,
      0,
      0,
      0,
      0,
      0,
      7
    ]
  ]
}